tipo_dieta,alimento_g_dia,temperatura,humedad_ambiental,especie,tiempo_desarrollo,proteina_harina,lipidos_harina,tasa_supervivencia,fuente,observaciones
D1,3.76,30.7,76.7,Gryllidae,48,55.15,32.84,77.9,SIMULADO,Fila generada por simular_datos.py. No es un dato real.
D3,0.92,28.7,76.8,Gryllidae,53,58.63,30.83,79.7,SIMULADO,Fila generada por simular_datos.py. No es un dato real.
D2,0.91,29.7,65.6,Gryllidae,52,52.4,35.12,90.0,SIMULADO,Fila generada por simular_datos.py. No es un dato real.
D2,0.81,31.6,59.5,Gryllidae,34,50.5,38.24,85.8,SIMULADO,Fila generada por simular_datos.py. No es un dato real.
D2,2.8,30.3,73.2,Gryllidae,54,53.66,36.87,78.8,SIMULADO,Fila generada por simular_datos.py. No es un dato real.
D3,1.97,29.5,69.8,Gryllidae,46,59.69,29.19,83.8,SIMULADO,Fila generada por simular_datos.py. No es un dato real.
D1,3.21,29.6,61.2,Gryllidae,39,58.7,30.29,90.2,SIMULADO,Fila generada por simular_datos.py. No es un dato real.
D3,2.85,27.0,52.8,Gryllidae,45,61.8,28.77,81.9,SIMULADO,Fila generada por simular_datos.py. No es un dato real.
D1,1.67,24.3,72.4,Gryllidae,59,59.32,32.0,82.4,SIMULADO,Fila generada por simular_datos.py. No es un dato real.
D1,3.64,28.4,57.9,Gryllidae,55,58.67,29.96,88.3,SIMULADO,Fila generada por simular_datos.py. No es un dato real.
D2,3.17,26.1,78.1,Gryllidae,55,55.32,33.97,82.6,SIMULADO,Fila generada por simular_datos.py. No es un dato real.
D3,1.45,28.1,57.2,Gryllidae,43,59.79,31.81,84.4,SIMULADO,Fila generada por simular_datos.py. No es un dato real.
D3,1.77,32.5,53.7,Gryllidae,53,59.09,29.24,74.7,SIMULADO,Fila generada por simular_datos.py. No es un dato real.
D3,1.6,26.3,74.9,Gryllidae,41,61.32,27.79,82.0,SIMULADO,Fila generada por simular_datos.py. No es un dato real.
D3,1.05,24.6,54.6,Gryllidae,50,61.79,28.19,73.3,SIMULADO,Fila generada por simular_datos.py. No es un dato real.
D3,1.02,26.8,55.4,Gryllidae,49,62.45,27.57,78.1,SIMULADO,Fila generada por simular_datos.py. No es un dato real.
D2,3.78,26.9,68.0,Gryllidae,37,53.08,36.26,92.6,SIMULADO,Fila generada por simular_datos.py. No es un dato real.
D1,2.03,30.6,76.2,Gryllidae,37,55.14,34.1,78.1,SIMULADO,Fila generada por simular_datos.py. No es un dato real.
D3,1.84,29.6,55.9,Gryllidae,31,61.27,27.39,79.6,SIMULADO,Fila generada por simular_datos.py. No es un dato real.
D2,3.05,31.8,59.3,Gryllidae,34,52.0,36.86,80.6,SIMULADO,Fila generada por simular_datos.py. No es un dato real.
D2,2.44,30.6,73.3,Gryllidae,43,54.69,33.73,86.4,SIMULADO,Fila generada por simular_datos.py. No es un dato real.
D2,3.78,28.1,79.2,Gryllidae,44,53.83,36.08,74.3,SIMULADO,Fila generada por simular_datos.py. No es un dato real.
D1,3.23,32.1,65.0,Gryllidae,34,55.75,32.83,78.8,SIMULADO,Fila generada por simular_datos.py. No es un dato real.
D3,2.18,25.7,54.3,Gryllidae,42,60.81,28.78,77.0,SIMULADO,Fila generada por simular_datos.py. No es un dato real.
D3,1.82,24.2,50.4,Gryllidae,48,61.64,29.18,79.7,SIMULADO,Fila generada por simular_datos.py. No es un dato real.
D2,3.95,24.9,56.9,Gryllidae,36,53.91,35.56,81.9,SIMULADO,Fila generada por simular_datos.py. No es un dato real.
D2,3.01,31.2,54.0,Gryllidae,40,52.7,36.25,81.3,SIMULADO,Fila generada por simular_datos.py. No es un dato real.
D3,3.83,28.6,70.3,Gryllidae,41,58.88,29.38,84.7,SIMULADO,Fila generada por simular_datos.py. No es un dato real.
D2,0.91,25.6,53.7,Gryllidae,45,55.97,33.7,75.5,SIMULADO,Fila generada por simular_datos.py. No es un dato real.
D2,3.48,29.0,65.2,Gryllidae,40,55.34,32.8,94.1,SIMULADO,Fila generada por simular_datos.py. No es un dato real.
D2,2.73,25.5,70.8,Gryllidae,52,56.8,32.77,84.3,SIMULADO,Fila generada por simular_datos.py. No es un dato real.
D1,0.93,31.0,67.4,Gryllidae,39,55.51,32.31,87.8,SIMULADO,Fila generada por simular_datos.py. No es un dato real.
D1,2.56,28.5,56.0,Gryllidae,43,57.4,32.48,85.8,SIMULADO,Fila generada por simular_datos.py. No es un dato real.
D2,2.9,27.8,74.1,Gryllidae,41,53.59,34.4,88.3,SIMULADO,Fila generada por simular_datos.py. No es un dato real.
D3,0.54,27.0,71.5,Gryllidae,35,61.05,28.0,87.9,SIMULADO,Fila generada por simular_datos.py. No es un dato real.
D1,2.09,30.3,72.2,Gryllidae,50,54.69,34.89,86.6,SIMULADO,Fila generada por simular_datos.py. No es un dato real.
D3,3.39,27.6,53.9,Gryllidae,37,59.09,30.95,88.3,SIMULADO,Fila generada por simular_datos.py. No es un dato real.
D3,1.53,24.9,53.7,Gryllidae,38,58.4,30.73,71.7,SIMULADO,Fila generada por simular_datos.py. No es un dato real.
D1,2.1,25.2,77.8,Gryllidae,53,57.24,33.51,68.8,SIMULADO,Fila generada por simular_datos.py. No es un dato real.
D2,2.05,33.6,61.9,Gryllidae,58,55.17,33.47,82.5,SIMULADO,Fila generada por simular_datos.py. No es un dato real.
D1,1.56,33.1,59.0,Gryllidae,50,56.8,32.59,82.2,SIMULADO,Fila generada por simular_datos.py. No es un dato real.
D3,3.71,31.0,64.7,Gryllidae,57,59.96,30.27,83.2,SIMULADO,Fila generada por simular_datos.py. No es un dato real.
D3,3.23,26.7,69.9,Gryllidae,55,60.39,29.13,80.4,SIMULADO,Fila generada por simular_datos.py. No es un dato real.
D2,0.89,33.7,78.7,Gryllidae,44,47.68,40.28,70.2,SIMULADO,Fila generada por simular_datos.py. No es un dato real.
D1,3.99,31.8,58.6,Gryllidae,53,55.93,32.78,84.1,SIMULADO,Fila generada por simular_datos.py. No es un dato real.
D3,3.58,31.2,77.7,Gryllidae,39,60.85,28.95,84.0,SIMULADO,Fila generada por simular_datos.py. No es un dato real.
D2,1.49,28.5,50.7,Gryllidae,43,53.95,36.06,84.4,SIMULADO,Fila generada por simular_datos.py. No es un dato real.
D3,3.43,26.7,66.7,Gryllidae,46,60.88,28.36,88.9,SIMULADO,Fila generada por simular_datos.py. No es un dato real.
D3,0.87,25.0,69.0,Gryllidae,58,63.89,24.72,80.7,SIMULADO,Fila generada por simular_datos.py. No es un dato real.
D3,4.0,33.0,53.2,Gryllidae,55,56.93,33.9,73.1,SIMULADO,Fila generada por simular_datos.py. No es un dato real.
D3,2.83,28.6,54.2,Gryllidae,44,59.41,32.77,83.7,SIMULADO,Fila generada por simular_datos.py. No es un dato real.
D1,2.78,26.0,62.6,Gryllidae,49,59.23,30.25,84.0,SIMULADO,Fila generada por simular_datos.py. No es un dato real.
D2,0.82,27.1,79.0,Gryllidae,36,53.28,33.63,89.7,SIMULADO,Fila generada por simular_datos.py. No es un dato real.
D2,3.64,29.8,67.9,Gryllidae,54,55.81,33.07,95.3,SIMULADO,Fila generada por simular_datos.py. No es un dato real.
D2,0.6,25.8,78.0,Gryllidae,46,55.46,33.37,83.6,SIMULADO,Fila generada por simular_datos.py. No es un dato real.
D1,1.34,32.6,74.1,Gryllidae,45,56.0,33.03,72.5,SIMULADO,Fila generada por simular_datos.py. No es un dato real.
D2,1.0,31.6,64.0,Gryllidae,52,53.17,34.46,88.6,SIMULADO,Fila generada por simular_datos.py. No es un dato real.
D1,3.22,31.2,73.5,Gryllidae,48,57.26,32.72,82.8,SIMULADO,Fila generada por simular_datos.py. No es un dato real.
D3,1.19,28.3,50.5,Gryllidae,32,60.36,30.18,84.4,SIMULADO,Fila generada por simular_datos.py. No es un dato real.
D3,3.69,30.3,53.3,Gryllidae,38,57.16,30.92,84.9,SIMULADO,Fila generada por simular_datos.py. No es un dato real.
D3,2.8,29.8,74.9,Gryllidae,35,57.33,32.76,85.1,SIMULADO,Fila generada por simular_datos.py. No es un dato real.
D3,0.63,30.5,73.9,Gryllidae,52,61.47,30.67,84.6,SIMULADO,Fila generada por simular_datos.py. No es un dato real.
D2,0.52,24.8,57.0,Gryllidae,31,54.17,34.82,83.1,SIMULADO,Fila generada por simular_datos.py. No es un dato real.
D3,0.68,28.2,65.9,Gryllidae,36,61.62,28.4,95.1,SIMULADO,Fila generada por simular_datos.py. No es un dato real.
D2,2.62,24.4,68.2,Gryllidae,47,56.03,33.05,76.3,SIMULADO,Fila generada por simular_datos.py. No es un dato real.
D1,3.31,28.9,76.0,Gryllidae,50,58.96,31.38,84.3,SIMULADO,Fila generada por simular_datos.py. No es un dato real.
D3,1.33,27.3,68.1,Gryllidae,45,61.22,27.46,88.5,SIMULADO,Fila generada por simular_datos.py. No es un dato real.
D2,3.47,25.4,62.4,Gryllidae,55,57.27,32.33,81.3,SIMULADO,Fila generada por simular_datos.py. No es un dato real.
D1,0.7,25.0,61.2,Gryllidae,57,62.12,27.95,91.2,SIMULADO,Fila generada por simular_datos.py. No es un dato real.
D2,3.3,29.9,62.8,Gryllidae,33,52.33,37.8,95.4,SIMULADO,Fila generada por simular_datos.py. No es un dato real.
D3,3.75,25.7,69.6,Gryllidae,58,61.84,28.37,91.0,SIMULADO,Fila generada por simular_datos.py. No es un dato real.
D1,3.2,33.3,76.0,Gryllidae,48,54.5,35.9,74.0,SIMULADO,Fila generada por simular_datos.py. No es un dato real.
D2,2.94,29.8,63.6,Gryllidae,49,55.02,32.99,94.8,SIMULADO,Fila generada por simular_datos.py. No es un dato real.
D1,3.43,27.5,57.4,Gryllidae,32,54.44,34.98,87.7,SIMULADO,Fila generada por simular_datos.py. No es un dato real.
D3,0.64,29.9,57.1,Gryllidae,48,60.58,29.83,84.7,SIMULADO,Fila generada por simular_datos.py. No es un dato real.
D2,1.21,24.2,72.4,Gryllidae,51,56.07,32.36,75.2,SIMULADO,Fila generada por simular_datos.py. No es un dato real.
D1,0.94,33.6,74.5,Gryllidae,47,56.3,33.12,75.0,SIMULADO,Fila generada por simular_datos.py. No es un dato real.
D1,2.27,28.8,53.2,Gryllidae,32,52.52,37.07,83.8,SIMULADO,Fila generada por simular_datos.py. No es un dato real.
D2,3.11,31.8,52.0,Gryllidae,45,51.31,36.66,69.9,SIMULADO,Fila generada por simular_datos.py. No es un dato real.
D3,2.71,24.8,67.8,Gryllidae,58,61.49,27.28,84.6,SIMULADO,Fila generada por simular_datos.py. No es un dato real.
D3,3.48,28.9,54.4,Gryllidae,51,59.36,30.5,84.0,SIMULADO,Fila generada por simular_datos.py. No es un dato real.
D2,1.04,28.9,74.7,Gryllidae,34,53.02,34.77,92.2,SIMULADO,Fila generada por simular_datos.py. No es un dato real.
D1,3.07,33.4,59.3,Gryllidae,58,56.2,32.73,80.5,SIMULADO,Fila generada por simular_datos.py. No es un dato real.
D3,1.18,29.7,54.3,Gryllidae,58,60.37,29.63,82.2,SIMULADO,Fila generada por simular_datos.py. No es un dato real.
D2,1.45,28.7,77.6,Gryllidae,35,52.49,34.48,84.2,SIMULADO,Fila generada por simular_datos.py. No es un dato real.
D3,2.98,26.7,55.0,Gryllidae,54,61.93,27.0,83.9,SIMULADO,Fila generada por simular_datos.py. No es un dato real.
D1,3.93,27.3,58.5,Gryllidae,42,56.28,33.41,87.2,SIMULADO,Fila generada por simular_datos.py. No es un dato real.
D1,2.64,29.2,54.6,Gryllidae,47,57.68,31.39,79.4,SIMULADO,Fila generada por simular_datos.py. No es un dato real.
D3,0.69,28.4,53.5,Gryllidae,43,60.5,27.3,84.2,SIMULADO,Fila generada por simular_datos.py. No es un dato real.
D3,2.66,24.2,50.6,Gryllidae,53,62.82,28.45,71.0,SIMULADO,Fila generada por simular_datos.py. No es un dato real.
D2,0.65,32.3,51.7,Gryllidae,59,54.07,34.99,68.6,SIMULADO,Fila generada por simular_datos.py. No es un dato real.
D3,3.59,33.0,55.2,Gryllidae,53,59.12,30.06,76.7,SIMULADO,Fila generada por simular_datos.py. No es un dato real.
D3,2.98,25.4,51.6,Gryllidae,57,64.74,25.02,79.3,SIMULADO,Fila generada por simular_datos.py. No es un dato real.
D2,1.11,29.5,67.7,Gryllidae,58,55.3,34.51,81.9,SIMULADO,Fila generada por simular_datos.py. No es un dato real.
D3,0.82,25.1,70.4,Gryllidae,32,60.2,30.15,82.9,SIMULADO,Fila generada por simular_datos.py. No es un dato real.
D1,1.14,30.7,61.8,Gryllidae,37,54.82,36.28,89.7,SIMULADO,Fila generada por simular_datos.py. No es un dato real.
D1,3.93,26.8,59.5,Gryllidae,51,57.46,32.41,91.8,SIMULADO,Fila generada por simular_datos.py. No es un dato real.
D3,2.1,30.6,65.1,Gryllidae,47,58.53,31.53,92.5,SIMULADO,Fila generada por simular_datos.py. No es un dato real.
D2,3.24,31.3,76.3,Gryllidae,31,50.14,37.73,77.9,SIMULADO,Fila generada por simular_datos.py. No es un dato real.
D1,2.73,31.7,75.5,Gryllidae,32,54.11,35.45,74.0,SIMULADO,Fila generada por simular_datos.py. No es un dato real.
D3,2.5,25.1,51.3,Gryllidae,45,61.61,29.27,72.5,SIMULADO,Fila generada por simular_datos.py. No es un dato real.
D1,1.01,33.2,55.4,Gryllidae,48,55.25,34.92,75.7,SIMULADO,Fila generada por simular_datos.py. No es un dato real.
D3,3.81,26.3,57.1,Gryllidae,35,59.21,30.16,85.9,SIMULADO,Fila generada por simular_datos.py. No es un dato real.
D1,1.55,24.4,57.5,Gryllidae,35,59.1,30.33,85.1,SIMULADO,Fila generada por simular_datos.py. No es un dato real.
D3,2.52,29.5,67.1,Gryllidae,33,59.84,29.69,94.0,SIMULADO,Fila generada por simular_datos.py. No es un dato real.
D3,2.95,27.7,62.5,Gryllidae,46,60.84,30.04,91.7,SIMULADO,Fila generada por simular_datos.py. No es un dato real.
D3,2.77,32.3,51.5,Gryllidae,30,55.7,34.79,68.5,SIMULADO,Fila generada por simular_datos.py. No es un dato real.
D2,3.79,32.1,61.2,Gryllidae,47,53.71,34.62,80.4,SIMULADO,Fila generada por simular_datos.py. No es un dato real.
D2,1.02,27.2,65.7,Gryllidae,44,55.43,33.27,93.3,SIMULADO,Fila generada por simular_datos.py. No es un dato real.
D3,2.28,33.5,53.1,Gryllidae,43,55.64,33.77,70.9,SIMULADO,Fila generada por simular_datos.py. No es un dato real.
D1,1.91,26.9,75.0,Gryllidae,50,58.11,31.29,81.9,SIMULADO,Fila generada por simular_datos.py. No es un dato real.
D3,2.16,29.2,51.6,Gryllidae,45,59.7,31.09,82.3,SIMULADO,Fila generada por simular_datos.py. No es un dato real.
D2,0.92,26.6,77.7,Gryllidae,51,54.13,32.67,79.3,SIMULADO,Fila generada por simular_datos.py. No es un dato real.
D2,0.97,33.4,53.0,Gryllidae,52,52.54,35.23,69.4,SIMULADO,Fila generada por simular_datos.py. No es un dato real.
D2,1.47,25.6,75.3,Gryllidae,57,54.71,33.53,82.0,SIMULADO,Fila generada por simular_datos.py. No es un dato real.
D2,1.57,24.4,77.1,Gryllidae,53,58.06,29.47,74.7,SIMULADO,Fila generada por simular_datos.py. No es un dato real.
D1,2.0,28.4,79.4,Gryllidae,45,58.17,30.6,83.5,SIMULADO,Fila generada por simular_datos.py. No es un dato real.
D1,2.64,33.9,74.1,Gryllidae,44,54.21,33.81,74.1,SIMULADO,Fila generada por simular_datos.py. No es un dato real.
D1,2.72,32.9,73.4,Gryllidae,37,54.76,34.01,71.5,SIMULADO,Fila generada por simular_datos.py. No es un dato real.
D1,1.94,31.5,69.3,Gryllidae,47,53.39,36.29,80.9,SIMULADO,Fila generada por simular_datos.py. No es un dato real.
